{
  "items": null,
  "request": "{\r\n  \"modelName\": \"比色皿2\",\r\n  \"boundsCenter\": {\r\n    \"x\": 0.000388128567,\r\n    \"y\": 0.323083,\r\n    \"z\": -0.0006093985\r\n  },\r\n  \"boundsSize\": {\r\n    \"x\": 0.04,\r\n    \"y\": 0.0227716882,\r\n    \"z\": 0.027659364\r\n  },\r\n  \"scale\": {\r\n    \"x\": 0.0199457873,\r\n    \"y\": 0.0199457873,\r\n    \"z\": 0.0199457873\r\n  },\r\n  \"sceneHint\": \"\\nBounds center: (0.00, 0.32, 0.00), size: (0.04, 0.02, 0.03), scale: (0.02, 0.02, 0.02)\\n桌面中心为(0.00,0.00,0.00)，长宽分别为1.20和0.57。请将所有物体均匀分布在桌面上，避免重叠，每个物体的X/Z应尽量分散，不要全部靠近中心。position字段以桌面中心为原点，X/Z范围在[-0.60, +0.60]和[-0.29, +0.29]内。\\nmesh_bounds: min=(-1.00, -0.57, -0.69), max=(1.00, 0.57, 0.69), center=(0.00, 0.00, 0.00), size=(2.01, 1.14, 1.39); bottom_vertices: [[0.995,-0.572,-0.648];[0.994,-0.572,-0.559];[0.995,-0.572,-0.522];[-0.404,-0.572,-0.688];[-0.404,-0.572,-0.688];[-0.993,-0.572,-0.554];[-0.993,-0.572,-0.641];[0.995,-0.572,-0.522];[0.995,-0.572,-0.486];[0.995,-0.572,-0.486];[0.995,-0.572,0.536];[-0.993,-0.572,0.480];[-0.993,-0.572,0.513];[0.994,-0.572,0.579];[0.995,-0.572,0.649];[0.287,-0.572,0.686];[-0.993,-0.572,0.661]]。请根据mesh_bounds和bottom_vertices信息，判断物体真实占地面积和形状，给出合理的分布建议。position字段请确保物体底部完全落在桌面范围内，避免重叠和悬空。\",\r\n  \"time\": \"2025-07-02 18:22:07\"\r\n}",
  "aiResult": "{\n  \"parent\": \"实验桌\",\n  \"group\": \"比色皿组\",\n  \"layout_mode\": \"Linear\",\n  \"is_main_model\": false\n}",
  "error": null
}