{
  "items": null,
  "request": "{\r\n  \"modelName\": \"实验桌\",\r\n  \"boundsCenter\": {\r\n    \"x\": 0.000408227439,\r\n    \"y\": -0.00102681108,\r\n    \"z\": -0.000629802642\r\n  },\r\n  \"boundsSize\": {\r\n    \"x\": 1.2,\r\n    \"y\": 0.625448048,\r\n    \"z\": 0.5727194\r\n  },\r\n  \"scale\": {\r\n    \"x\": 0.598472536,\r\n    \"y\": 0.598472536,\r\n    \"z\": 0.598472536\r\n  },\r\n  \"sceneHint\": \"\\nBounds center: (0.00, 0.00, 0.00), size: (1.20, 0.63, 0.57), scale: (0.60, 0.60, 0.60)\\n桌面中心为(0.00,0.00,0.00)，长宽分别为1.20和0.57。请将所有物体均匀分布在桌面上，避免重叠，每个物体的X/Z应尽量分散，不要全部靠近中心。position字段以桌面中心为原点，X/Z范围在[-0.60, +0.60]和[-0.29, +0.29]内。\\nmesh_bounds: min=(-1.00, -0.48, -0.52), max=(1.00, 0.48, 0.52), center=(0.00, 0.00, 0.00), size=(2.01, 0.96, 1.05); bottom_vertices: [[0.999,-0.479,-0.503];[0.999,-0.479,-0.503];[0.999,-0.479,-0.503];[0.999,-0.479,-0.503];[0.982,-0.480,-0.508];[0.982,-0.480,-0.508];[0.982,-0.480,-0.508];[0.982,-0.480,-0.508];[0.982,-0.480,-0.508];[0.842,-0.479,-0.510];[0.842,-0.479,-0.510];[0.842,-0.479,-0.510];[0.839,-0.479,-0.506];[0.839,-0.479,-0.506];[0.839,-0.479,-0.506];[0.839,-0.479,-0.506]]。请根据mesh_bounds和bottom_vertices信息，判断物体真实占地面积和形状，给出合理的分布建议。position字段请确保物体底部完全落在桌面范围内，避免重叠和悬空。\",\r\n  \"time\": \"2025-07-02 18:22:07\"\r\n}",
  "aiResult": "{\n  \"parent\": \"实验桌\",\n  \"group\": \"实验器材\",\n  \"layout_mode\": \"Grid\",\n  \"is_main_model\": false\n}",
  "error": null
}