{
  "items": null,
  "request": "{\r\n  \"modelName\": \"比色皿3\",\r\n  \"boundsCenter\": {\r\n    \"x\": 0.30038777,\r\n    \"y\": 0.3215503,\r\n    \"z\": -0.0006025237\r\n  },\r\n  \"boundsSize\": {\r\n    \"x\": 0.04,\r\n    \"y\": 0.0197062735,\r\n    \"z\": 0.0399734341\r\n  },\r\n  \"scale\": {\r\n    \"x\": 0.019991694,\r\n    \"y\": 0.019991694,\r\n    \"z\": 0.019991694\r\n  },\r\n  \"sceneHint\": \"\\nBounds center: (0.30, 0.32, 0.00), size: (0.04, 0.02, 0.04), scale: (0.02, 0.02, 0.02)\\n桌面中心为(0.00,0.00,0.00)，长宽分别为1.20和0.57。请将所有物体均匀分布在桌面上，避免重叠，每个物体的X/Z应尽量分散，不要全部靠近中心。position字段以桌面中心为原点，X/Z范围在[-0.60, +0.60]和[-0.29, +0.29]内。\\nmesh_bounds: min=(-1.00, -0.49, -1.00), max=(1.00, 0.49, 1.00), center=(0.00, 0.00, 0.00), size=(2.00, 0.99, 2.00); bottom_vertices: [[0.054,-0.493,0.010];[0.009,-0.493,0.030];[-0.048,-0.493,0.023];[0.229,-0.493,0.241];[0.181,-0.493,0.200];[0.128,-0.493,0.041];[0.072,-0.493,0.064];[0.083,-0.493,0.029];[0.051,-0.493,0.149];[-0.031,-0.493,0.053];[-0.054,-0.493,0.156];[-0.092,-0.493,0.076];[-0.205,-0.493,0.233]]。请根据mesh_bounds和bottom_vertices信息，判断物体真实占地面积和形状，给出合理的分布建议。position字段请确保物体底部完全落在桌面范围内，避免重叠和悬空。\",\r\n  \"time\": \"2025-07-02 18:22:07\"\r\n}",
  "aiResult": "{\n  \"parent\": \"实验桌\",\n  \"group\": \"比色皿组\",\n  \"layout_mode\": \"Linear\",\n  \"is_main_model\": false\n}",
  "error": null
}