{
  "items": null,
  "request": "{\r\n  \"modelName\": \"比色皿1\",\r\n  \"boundsCenter\": {\r\n    \"x\": -0.479618937,\r\n    \"y\": 0.315209955,\r\n    \"z\": 0.121691458\r\n  },\r\n  \"boundsSize\": {\r\n    \"x\": 0.04,\r\n    \"y\": 0.007025587,\r\n    \"z\": 0.0220922716\r\n  },\r\n  \"scale\": {\r\n    \"x\": 0.0199746024,\r\n    \"y\": 0.0199746024,\r\n    \"z\": 0.0199746024\r\n  },\r\n  \"sceneHint\": \"\\nBounds center: (-0.48, 0.32, 0.12), size: (0.04, 0.01, 0.02), scale: (0.02, 0.02, 0.02)\\n桌面中心为(0.00,0.00,0.00)，长宽分别为1.20和0.57。请将所有物体均匀分布在桌面上，避免重叠，每个物体的X/Z应尽量分散，不要全部靠近中心。position字段以桌面中心为原点，X/Z范围在[-0.60, +0.60]和[-0.29, +0.29]内。\\nmesh_bounds: min=(-1.00, -0.18, -0.55), max=(1.00, 0.18, 0.55), center=(0.00, 0.00, 0.00), size=(2.00, 0.35, 1.11); bottom_vertices: [[0.957,-0.175,0.483];[0.950,-0.175,0.370];[0.937,-0.175,0.428];[0.949,-0.175,0.510];[0.948,-0.175,0.489];[0.916,-0.175,0.396];[0.927,-0.175,0.508];[0.919,-0.175,0.465];[0.897,-0.175,0.494]]。请根据mesh_bounds和bottom_vertices信息，判断物体真实占地面积和形状，给出合理的分布建议。position字段请确保物体底部完全落在桌面范围内，避免重叠和悬空。\",\r\n  \"time\": \"2025-07-09 15:18:07\"\r\n}",
  "aiResult": "{\n  \"parent\": \"实验桌\",\n  \"group\": \"比色皿组\",\n  \"layout_mode\": \"Linear\",\n  \"is_main_model\": false\n}",
  "error": null
}